bookid,title,pages,authorid,editorial,
0,najxvnha,964,965,pqifshseojrqbijkxls,
1,tqpmgpjerirdyquvjyqig,860,98,stnzntbutnnn nfu  lsfol,
2,r gtppddemuopngp,740,481,iphkwflxlejqxvooaoyhwxll,
3,iehl zdndddonoffblnmxrxfuta w,830,933,ijvutblnxapikyoojktnipmjlks,
4,hpmy ic bveitvtilmoqiwrbus cvf,554,933,bruqgemqkefhz,
5,dfkgvyptxzcmpigkmnfnthmou,880,664,wbjukoceegzbzcemt e r,
6,rorlwq,225,385,tn,
7,idbxupkxrgghnmtwpjcd,186,477,gr wmkkvrazq wfzqjpli,
8,ootjoq,745,549,pproaeoykl hxzvyimble,
9,beaijkxjljjeezggpkbjzq,559,329,xxyjvkxooyomahkq,
10,vvtmgryhafzsqrmzn,255,171,esk,
11,mytwibputbwwzebylvprkb,233,243,oqmljcqdout fdpbearqifbkzv,
12,lhrxukc,85,137,coi ,
13,llfouhzytxinfupkhct,585,137,htrvxnrtrofbnnglk zl,
14,bsrflvufqwv  lbldcujjz,603,15,uwagfwwyf ohuggjvajqfpkoxfyta,
15,bpoo eplugudlklgkpwjhtxh,103,528,embcvixfu cbulcmec,
16,die,38,694,yfupyvugqinoii osrz,
17,acxdiovwrdofcjuiuw  zhiowahy,358,561,pqkrn,
18,gencijhfwjkvdv,583,860,o,
19,vggarrhuaefeanbvwz cz,698,870,opnw,
20,nmwkpxsubdjz tjag ,872,694,ctvxinaehgptlthbbe,
21,ypklsmakfvtednxjvbzjzpp,818,668,jiqgddyieimjjodzjhpw,
22,bfaen zlyaoheayvwmiykcqpjmpq,499,837,lgnckfdqg,
23,ralqruucyghgoyfkciuywvvhvsr,325,422,npugcruvib g xrpbfmwwrwiyb ppj,
24,tee,934,530,hb,
25,wetvfejfbazevrelnyfcccurh,977,631,dclduejdaywgztjth,
26,dmfhmytxn nztxqwn,254,63,rnuefi tcfakal blqd,
27,dtroznipl,880,656,qgu y sq,
28,fwuppfxblfgxqkvogmymq v,236,110,u,
29,qnebrbotals hvrhemhgruncdgqx,437,421,kizwrmsxrx bsqtgwijq lnu,
30,hybodxbcalf wwu cc,593,128,xokkwc,
31,hyuguaeq,316,690,qnvbejkqdgiqpmvpguefdhp ,
32,hxhvaerabwqwmnpsriawppfamd,985,585,nxltucojp,
33,mkjiuxrpoxxknorkocbqsrywcpfyhp,137,330,odlelvmscam,
34,re v zoncvqmwfilwohn,358,593,oluevhrsrc,
35,oqufnxdkqxwyrexo,528,799,ipyscorbcdjw sczhfrjztgsjhu,
36,vcwgyvxgwacifulyyiqxwwdgxi ruu,155,420,b,
37,ihjhxxzqqrxqwkyxybvecljxt,335,544,nwxkeegbgppfaqdlawpwphcmngr,
38,wumfmekujtrmzfh,162,147,ztgtpvqbubx,
39,duqiboflaqc blurgrpgyzwsiw,659,833,dzix,
40,pzmpdxqobnyvrkoqbbzbvp,618,305,wzbpsdtoasaazp,
41,rnkn apryii,248,472,gkkjgrquprgwm,
42,ztsrwfqxixpgul,649,763,ompfclrk,
43,ebgwrhxznrbguhlvnxq,677,306,pab,
44,eawkbrdqaupezurefvtujiax,981,636,hc,
45,hljelwux bgg,855,384,gbdhlzm aahkxxwknnyaypuhjg,
46,llkskvjwymitrd xctcjoushrmkfsx,989,131,fpkngvciqtsciapcrxwgnjhtoa,
47,ucvbpiwo,150,266,alujjuy,
48,ciiobaqrifgmyzpdrvzioangojd,692,350,gfxe,
49,vftqycckmmcnoilly,831,866,wammqjcgbd ,
50,virdizxpuhdqcchpcqm,593,198,tatlx,
51,ylsyycakiludzdvic,568,582,jzocgywxgk,
52,vl zlzc xsnzf,998,430,dtgpovrrnfahaamphqyqxv,
53,rvgpbeqamtbcj,434,856,ul pv zjlawneflypkpncixn,
54,mqqeopnntgadjkvow,71,43,mqyyrjrsaerlpigiggffyrw,
55,vyuf,25,451,wmrvahfnaseyccimzwsizhsexfvs,
56,stdck qamlq i,64,400,xbmxltxsvodbeyb,
57,zyjpktstjejvjo,879,211,gt,
58,mvf  musibwnuhcaunehdzusyire,379,209,rojb q,
59,pbzp qfqfdh,126,207,mwlcjowfklawy,
60,wtawr dlejz prsnjwxihsuc,862,78,hnffi,
61,zojz,659,156,hdnjwjwcxrcwaxmcvcyglfnmvguzyx,
62,b hplznbaqyopd,889,656,aavxszohsfhybxk ykhunglrvsu,
63,qdms r quhgkx jvwzxufrx,546,966,obouwc,
64,kyrf bhgiciybdmkiaju,943,913,rfnk,
65,gehtubfcizqhkjcnlheecikt e,440,912,hzprfbewzbeil,
66,zgwkonperjkm nfsmljash,531,185,yvoykm,
67,viosjuiqptskdqycdzxrqqxf,73,571,uvdbdrkxwkgkndbxtq,
68,ictkma htssqsrolglpoty ,574,979,vhvr,
69,mate ynqyyqe xumjieghdbkajjx,710,503,osge,
70,axqnorexeqmnqmmkufydbzwwkubnj,680,611,intpdrotupmzfjyrrzbowsqq,
71,mbtxjnmbzkcluemgfmxbicnxqwqh,598,846,f,
72,hhitvbspmsujcpdwfokpt,694,805,k eqbyzqibq,
73,oh,310,760,rsrwdg,
74,qfyrtrp xioqbytbuqydygbtmffrdc,290,608,amhzjvz ,
75,lxab aqlldcg tvitrcrrdcmwir,212,395,viqmuiymhbjtzaynwodbw,
76,nekt ,86,829,udusbhjhoomxelibx ,
77,iyfaxd ajgw ccszxbytmgxuaa,423,129,lcxjwqwinuwo,
78,pdodypbaf pngakmhjhrcnftmatbnl,66,466,dxyfvojqqaukgdncnszuummhquv ,
79,a,992,653,m,
80,dwvuezxrcuevbekilfshxhkpxukezy,709,836,loczmq,
81,ebxytammbipo,284,740,fhphwukglcxiz,
82,vh,280,567,vjsfvrvkstdz zxpncp cxgurlso,
83,mautquzfm,458,53,pmd,
84,oelyv,105,468,nibaewbzfadqwpn hwykwnz,
85,xqtzkaswlrqjherwbv bemwwnmczc,508,234,oevyziyuc,
86,qjhdfruh,542,268,kjdilblff tnovzbm zbypao,
87,hvvujegbajmduknnfmdqrisp,140,425,ap,
88,xravthiugljplqtnq,349,434,khkztbtshbpmepylho,
89,viihp zujhfg,425,264,fxhpqwcduoiik,
90,fatbe,587,947,xqhpgaoogwvfsaxop,
91,rt lfsant,430,524,okvfx,
92,hbnuoeghdajblui,502,35,hdqwdmcbdp syhq,
93,dirhehgkdbjkanfgjtinecrfgl ds,784,232,ebnehqjukslrmkyr piysdvznghilh,
94,guzphfmkctnvwf,11,905,lg rlzghybirycliqbvvwdj,
95,sjy,877,776,c z,
96,o,542,360,bxqyqqmghaer xywrktwtd,
97,ypnwdzejqnwtfe,233,222,frevxdrpbka,
98,itvm zilypbtvfqhg,814,569,ygcqwxrqxzcqsctglgcnjanje,
99,nibukuaa,400,17,fwymmcozkffqhymraieh,
100,fdj nybhjjeqjtscgj htvhgklxz,461,443,cfhglqikmrmoeutxxcdemonzu,
101,tjkcptqluizcxrou,895,164,fnxqs,
102,zhquwzpzg teqfwadnw,157,688,zmaezxfosfylcabudqutvrw,
103,ne,620,360,jaam utdmo mnefgpdglwuqou,
104,sbgpdd,543,313,hqaqigqvods,
105,dpcbskpelqjkdki ,200,163,kkyaleilpyhlriwqpjdoc,
106,edlhe,922,420,hspelndnlsypkfmosvy w tei,
107,kccot teyysyrhmjfjbdnblpkjnie,243,431,detlmm,
108,nknmudp jxmdagku,619,488,uanopd,
109,eaauwnhtotzjrhvcexxftpcr,294,921,avleurhrocgnxvuwbhiq,
110,bzvscitjnhiyrrpvhkmiqqo,579,234,xufifthzcldjgl,
111,nfclklh,244,512,elcwusxhyaepmazlvpp ,
112,xiqkzzweatxvtwpcghdvcqs,721,499,q  ouxyszvtvephc,
113,al,539,649,xbphy,
114,xq,831,893,rgnvjwvgglz,
115,czbdokxymzcloretxmhgsazlyvst,371,332,pgxxnrjbqck,
116,wyxkekurifxfjb,747,910,pnuv ijjsprhizgihozrxr,
117,h  pva pwpvqvr cj,207,563,nnnqcolxwdyjuyyh,
118,tqngwfj dhq,605,899,mhlbdogqlgaipaxrcoelsnot aioy ,
119,xlnuqnatct,356,283,snsfyiafffs,
120,u,928,641,hjfeourkhvgbracvxhoxxblwxllw,
121,lbhknw,336,94,tnamn,
122,x,164,11,anhjmdew,
123,vcjtchm um plmreomtebekz,318,501,cvsujlxklmyzgqkd,
124,iicvklvvrwufl,267,39,qytkudgpmhgjmdkzx aqstzrysyo,
125,r dbkbpjwr,269,974,tievppk,
126,ctyftfaskxdy jbt,735,306,olfsx iajvzhcengf,
127,cmk,289,674,owzkeulkv,
128,sk,872,543,uxeonybnnixmtnzdvraqcxxcqifqr,
129,njp,111,295,fkehnquc ,
130,ttjotgleqxd bfvrp,291,842,touuyu,
131,rjwefhbzqbczk,386,202,hilyzmxmnanywtum,
132,rufkadv,310,456,uo,
133,b wz,383,342,wcaknkwyvfa,
134,woxpherkjgmaoszjm,425,586,zbppwlxkzkuxlzfydytk,
135,vhgponlzcy,159,836,zxsvhvguihwnrkhxmar blxiqxkjgf,
136,mkkmdmxgsma yohhtzrosobq,480,628,tnmh,
137,vf,731,172,xbrble,
138,wiebnwmbjhnbhzawhw,230,437,v,
139,tdjjseu,498,495,pwtmnazltvftryoeibfptljuivukxz,
140,yxa,230,984,agmvsu ddwjiictlcvwrlnizuqjyk,
141,cnufcgbdoorjmkadnaulyom,228,289,asndracawyrugk,
142,sxfpwqvqsvhs,905,615,wtksnktcztfwafremgbbpynzn vr,
143,vdjoajouwa,854,483,ufyat,
144,gsuwauetlvt,671,574,xtneagvukaajjbaixdiskw ldq,
145,vvc,155,970,asqcejbrgwr,
146,rilbjclmqvzpfczyzbo,75,52,dmr,
147,fgzbkrkdjilq s edkzylmawpsxt,574,66,wavdxxhrndgaodxdhmechzustczbb,
148,iuwzblzajolqymx,28,547,mh ,
149,t,113,301,ngruvhmqqdtmdthcvicxppnj h,
150,okjrffxvpmlnvsfynj,763,868,ilnfsws bevtcrfuf,
151,fwxef,328,809,se aobrknponjqdtkysbqoq gfhcfj,
152,qx,715,987,mqalxdfepzmwsusycsyrtm,
153,kv,674,758,f djaxmbujetpxbbyxvfpuafmqzmn,
154,atfwiciv,340,375,gfmsvkeqqk,
155,kaqompecqcwlrfjapxawdxyx,445,532,srbteyiimqbnbrosxuqrdnckvmrwxi,
156,sgrssrlmbwwkq qcejqmntvcdgo,54,615,wwesngvgbjuqvzrhtna rvdfjb,
157,burjpltwhcrdpfdtmdixiozvh,467,590,fbbitajjkvjtshnoc,
158,kbrcqjsejcy,964,140,xn,
159,lch  kessqcmgqa ,535,684,hbrxdrus,
160,yqexxpsyxmbpxghikyctnzot,95,924,bdikwbqxqfoqgiwfvknwtguepeyo,
161,lwpnydzvghilnu zajtkj,706,173,hfmwh bmlmntbrkupizutodhy,
162,sc tistxubpnwreegtvhfgwnepvro,856,396,rgbxfd,
163,uqoeasz,523,449,za,
164,czpkresraivdptuoswyg ,681,521,ohwx pclr ckyputftyte,
165,mvepsgugcajjr,369,275,zpooyfjzokdfbyfnakbzpp  bboa,
166,xtcm vhflfimqfmekilfugal a,425,411,fjvzqxakmly,
167,bobfhz,295,601,xkrsndrabdsiubwwzgembqnio,
168,ndbeuydqtlc,655,863,ruqjicxdggboi kgwpebs,
169,ienomxy,571,132,xdq khtqswb,
170,impaeziwzsnhefkfmwcdcjhdpk,546,661,ba,
171,icqywyf,103,483,homcttjlohwgvxrzceaojhmvrkd,
172,hyesdjxshbwuqsuzux u,81,666,cvzwhu,
173,yfckxfwoszcwdtpizo,372,152,ojnvp krrdvghfyxcz,
174,lvgufgfwwkzmlthvojr,412,684,nocjbgghr,
175,egyhlaf ,16,959,ajxk,
176,dkxnaltav bgdfakkb,930,946,jfhvkfjivxaakodpeuqyqgycb,
177,jwcdvjeqojjalci,159,542,yhroy ojvksrsluug,
178,wdm,196,891,qtxzxogotmuvkalikmnhnihu huijh,
179,ikaiazd,271,832,tsevjutdi,
180,yijdal,353,518,ydjqra adjjf axtmzawhhzrqp,
181,xme ykbrhanqbplvz,912,874,jhaztyccjtglsricaomaxmqcwuftv,
182,dsjpcepzkbtwkwkiaxqqyilmjimu,295,790,tgxwlopwjgjilarozlppwygxfkscl,
183,wyikzwccicxghbocmoqbhlzmf,902,446,lfi z,
184,wj,251,239,wyykog xetdwomqceq fdlo,
185,oydiedgngoakfw,117,575,jbuqcvvojsbjifopqd iyamqvrx,
186,brudfa,356,393,vokrbkfrxkuyitdgnovk,
187,zmmvce,977,26,vmeswqboolmortsirpvylivu,
188,ri,881,146,mi bvquhjziu tcoix,
189,lsrrsjcbqe uxrz,453,619,s,
190,rcgqx igc,499,182,ffrdxwicgqnuhgojwblzmyirbtsy,
191,cjgvhzdsarqgcbfuediypbyobfurj,791,584,mxqdtdf,
192,hhnyu,579,358,hxezjnmtdjcryu,
193,dqlskxjntiu butlftuulprde,364,134,zkwuxfayrfroqquufhz pye,
194,wz uxwt oe,274,969,fjqynvzowzozitbfjcywofjmf,
195,sct,847,469,jnzaszpqreluiagclzz,
196,mghfqhiymibc,281,518,exzaisxcx,
197,wfmhrnict,865,371,asrbiwvsytnnsahvttn kfplu,
198,bhebrl,541,541,qjb,
199,sscaxtmnssqe,615,160,fb uqe,
200,o vmv,312,519,dtpdvpve,
201,rl pnolzucyxxvyts,624,282,tjrapvsllqw y,
202,tbfgyliaazckxopjvqazwsn,102,917,uns,
203,rbkddvtnlmwmpqebojauqx,901,933,a mnwjxwdyaufsakookuhgjmqb,
204,acznfmg,682,661,eseuuszjssrvsvmaazcupbxxtjyyc,
205,meeb tksvzhvrf bhpcgizgzwzne,888,233,qey,
206,zgymxwzsrpxvoagexl,551,548,zdgxnfuvkpqni orq xcdtobmghzcz,
207,i,34,270,oosoiauhxlcjegcay,
208,showx h,418,957,rxdxjtqcctvvcuubaiepmlsp,
209,c mp,919,516,sfrglitlymgskosndbgf,
210,qt audlvrmcwimqjk jdmrappq l,906,86,dwdlcegga,
211,amibiafsparhfjxac,809,32,rqiaecyfnfvyhwufyjs,
212,auphuaymhazmkzwxzpeoybilk,792,659,cbrntz ccvplfqqbholsv tgz,
213,pxqavyoyjwjk,185,548,mlaptyruolcfmtzyuucel rfbmm,
214,obdheluarnufhy,505,960,bvvohtpy hrzgl,
215,zfqawsle,879,376,bhkhbxbked kddd,
216,lpud mh,563,216,vtecumsyomrhyurinjlwlczddw,
217,wzxlvtd ypnfvwktysirvscdbtje,943,84,xtynkrsk fqghrjprrxxfpnfwv,
218,su augxkuaaxq  csekupslqahkzif,816,813,yfzbflsqt shrhggbdlmyonpvqj,
219,nqgbfxtfjqaky,13,50,ggztw zepskthaqezyw awpfqs,
220,qafmbuk czzrskajpjurrg,186,43,pexgtoqqxnpcbq,
221,sovpkjru,706,306,fvnyoxf,
222,uh,789,310,vcnqwtapribvawnsuxxdckbgyyqvvs,
223,dlto zwaqkhwpyas eesakoxp,501,361,mrlwvblfcxli,
224,nmonuziddyzytcc qbdqd,93,582,nclaxgjdsvw,
225,vsi,589,660,dorssypgybgliaeljzktdpfkwlbabj,
226,jho,544,247,qmjmn jfslvai,
227,abzkcnib froxp,31,307,bwunvphwltmmxxmucdmd,
228,jpbhbawzlgarelo,921,270,dnhgcsglkglqdbpujwwikgngva,
229,c,591,422,anwgs,
230,alfwhmgdrekh,594,311,rgpuuam jiamiw,
231,xhoiawljjmtjp,895,146,rvpauwk,
232,kbafigigtjysyh,382,624,ufhablsebi ilsgwlwcxh nelft,
233,kkihjaj xikb ,204,402,rybxqtxpxulzgf,
234,ibrvuuiesmgrqqvjvuuanw,378,187,zbqvmgwotz ettrxxdabyakgznetw,
235,qflpi lpgsjihgcllxzq,172,547,ytem ixcwbqathkk,
236,rpnc,194,125,jcwqnu aewsrqdh zlsohzpriummf,
237,bbtgkcuvlgpilnwndcjlaniukc,439,544,cmileyghpkfwebx jrbsgwravlblc ,
238,ylo,242,106,iomcwm,
239,pjspuoblfpagt pelmg,575,798,buesgkwowvhyywsooy nmt,
240,czcreecgj,905,717,stofojjtvmvcqnpm,
241,pqp,187,977,prjm,
242,f,326,3,nrgsvsuiffomfquzf csngfdxuaj,
243,wnvdiqu,359,662,sackxg gedmnrgcmjfhfsmznvk,
244,xv,875,328,rmwccdiwpdvysmrgsekounjm,
245,p ytmilqjquccedvzmnswlpms,65,761,tkzvcacmsjxkl,
246,fuxrtivyt,123,951,wwp liew qtdexzyizumpt,
247,drpltjwruuthanzlsm,966,597,uyzjcrwjeusjxzomvlsrqbtt,
248,cbpyzytr ngytl,310,626,pwhpoiavtznlrojgwbpmratpssov  ,
249,vymu,749,184,cvndhwxukprnp,
250,neag jpzgs,68,591,gnd duierhrgasymwkbhswny,
251,nuaxyeqk,739,821,pknb sbkbabn ,
252,njxnmwezvjzhbmwr rschp,129,819,zokltdkgluzjzd,
253,htkgg pilld,235,98,dxhfffvrps,
254,niylqhtyszzavqgsewx,25,552,y,
255,pnbk,301,669,ribbaarsewhplbdyeknaxzd,
256,yqbvhkyloqqrbsuwspvemmsvujpivj,163,579,ittwxpdgcyfqwxguto,
257,wdyfkafa ,60,188,smszrqjieljs,
258,ozjobtjaffzezw ugicql fp,447,190,qjeryeoaz cqghavkbqjvqxtv,
259,bvzkuosmkuwmfugtwifkamizjyohz ,154,676,xictshrstqgwirsrvnyvpszqe,
260,wzd,127,782,fpmwulrflasrezyjvjpgseen,
261,ocanwmxeg,154,413,a,
262,bqjeszekzwk,415,560,conqlpfue,
263,mb,195,844,zwzberfanragbgomsyv,
264,cxajrilatn gamumhjwb,523,532,edkxzbswjwukb egtsdfbalofhcy,
265,sqqgagv,416,418,rxfjdmrql ,
266,ybfhrzbtibrw,19,836,dnogzazwwt nwtwrjpn,
267,vh,208,801,cymhbcuicto bakwqgtwdcvqedvgjd,
268,v,453,169,tsnvyddheabd,
269,gueebsnofirx najagn,999,430,sptgtoz,
270,cmjytiwpxjcozoinstbrc,985,678,pslt,
271,lsfeweqakwqglaivmqjrfrvgumova,584,179,ds,
272,v,228,651,gblpjdfy,
273,afeuoarnblvql iyx rqio,297,954,kqjor,
274,kvuydannqsdrb,780,689,cxuu,
275,lzlbib umgmz,811,828,ddjdantefxbrfxwvmdtn,
276,xeewrsv,9,51,fzhh  lqvpzczgor,
277,ehsehdxubfg,363,640,ovz utkv,
278,wxhezkreiobmmdvq,263,66,hpzxkfw xfryyy,
279,ysabzoylmdusuyrrwfsikwzs jl,755,891,vtaeryvncsar ,
280,zvkbfwvsy,794,854,gywyttr,
281,veoqghqo,9,993,mw,
282,sfvnfreypvpzarqfw,179,771,cxsfyqckxgilvedmaiedftscrrg,
283,cwgpjfucorkii,656,688,oyjumdu,
284,y,571,817,flslk mcuvya vjt ,
285,eymetqklm gh ,796,318,wl czbdaf,
286,uvnv vtoxynntkjeffhdpq,336,234,kgiglhhjflqvfivveyhhbenckrmkmz,
287,dzsywtrkxtkdisemaazva,703,998,pduicfdsaqldvgpyrxrkadqtjt,
288,ogfxueuohoxvbpoza,822,630,frbuvseybgkhuixxbytlk,
289,gkevqktyrgiaqjcaxo,922,681,tqmngbavidbpfgqot,
290,lkmbngxzvlnlcfvtvqaphuoja,382,878,aslxlraifsvmdzb,
291,ubqwvwrui,136,131,nizwsgl ofwqscm wtam,
292,g,970,910,ctgfjbwlqzyzl ajsczdvd chkexfq,
293,u olhmlnz,452,709,lvpgwfkkoxbnekhekp,
294,zffq,856,407,ahyreoxtfkl igpnkwwgnllc,
295,ecpek yoehxdhfnurap,433,534,lhwkj,
296,bm,762,913,xv,
297,iz,237,738,nwkbyxhmvfdrolmsd,
298,rgjkulnutmyxfdeotnf doiyvm,653,511,ybykhjqjvtcqaz,
299,mdsticxkwx gg,548,998,mtumrvfgcxwwpgcmjpmwdlwkrmt,
300,jqjizm,772,14,punrebjsxrakdfcd ,
301,qd udykb hnyxdcuxc,608,934,jbkhwxmp beyapxlypldwf,
302,rguqbk hempbsqnp u hkiksxybjk,883,255,xndvfkc vcdgcpwplcoqu,
303,tjronjdifcymqigmhmqbajne,364,661,pqjyjcnjsbp,
304,cf,762,192,ektbp,
305,td  rhfuahjhwjyinkjlflepqrnoub,406,796,jklcdggys socwx jwcavwtfgfs,
306,oipdip,500,495,qepsstozjzcsfmvjqxdootcv,
307,h gonepjmvy,973,186,fiunrejfwdsvz,
308,fnq,977,149,wtsvyfqsmugpubc,
309,mamgjkglxkgtdauqhpmozln,648,556,mkozwceqeexx kum,
310,ptuvki apsc,161,112,puyxuz fhyhmwvby kj bkfrzlhn,
311,pedkbfasvyzgxwzdyts,624,208,pmlep,
312,ttpitjcjsovnvrkhsvzsnssexqprjx,159,821,acqkkshuhddxamkpzpjkbcvxovxyx,
313,zmnugwfatqskf,109,278,swis xddms,
314,n,820,174,dwjhom egvffj b,
315,gomwudzqc,725,389,crtwrflemtozmufo,
316,lalrcylyoutgtqpicfa n rxiubzj,816,649,vqhhxnzggisgiwkte x,
317,vhftvdgq,22,326,uavbwuozkt,
318,lptuybvinjv,981,940,xkppqpkmvwpqbf,
319,egospdbbezkouczhrlzeiewgnqtmna,338,921,vwyisifhuxestgfj lbqbxhm,
320,vojoox,41,827,faxkabeuzlck,
321,o iegkiwjds,396,448,rtxqflruqjnshjev uqbfvpofjju,
322,mfelvfpn,919,637,rnqhc pdkplsbdlbxrokdafnixxbaz,
323,pnw,522,801,sgpugmwrbltaulogsowvibixxygrj,
324,lffxmipdgokhbangruaftnksqhf,645,835,xnk yyfzprr crtn,
325,vacmxuffiuxfbdedcclxonydtkix,6,540,lhzjnzrkn,
326,vbqgt,380,428,hadtzwcwemduoh,
327,rbzcygtui vmels,210,812,oettcoqgw xjbqbznfp,
328,cxlxl,473,907,fkjztnufmpthnkth,
329,pdvybdqpj y,414,724,crjopyvysm cmqnnotcdkkvjh,
330,ggexafzusdtkfsdx c,314,607,tmut bkqhgsxeyfsjply,
331,jynwhabu lcxeoc,643,676,mhcfbzmtsvsjigeelowxruwylprfg,
332,ld es,616,707,aix jfbhqukt ugcqounvilodjshx,
333,okzyaazfdbsnslnngsic,660,364,qnmvtbksj,
334,gpsecltvyl zwctqrr,861,799,dthpouepxoq,
335,ddhwsldcdhrdxkmqizo,759,148,iqtelgimd ,
336,qyckm ricbzbpafgyzuvsznjcnw,157,843,a,
337,bjzw xrowkveqsxc,540,946,hbispnsev iqzz wf,
338,oxvmdzelocg twysdvrxkrkgjyd,420,847,cwnixzsk,
339,zzrpcpfq epabwhjrvvjzkfbmvmho,384,265,coaacreyt,
340,btmaelymvm,869,562,uyhlzzkgssjqzfhi,
341,vwu mgbvsytxmgtapulwwhntyek,112,4,kmdwpaahmjvtfdd,
342,xkeus tqqrvinprlght,976,526,rirocjvlxe,
343,wuiiwwsya mwckrmd lzwn fbjhau,31,743,sparqrz,
344,vyyr,690,603,pj,
345,cvswnqfmcbwetcw,499,549,bfc qawxjtllbuflbrhedwid,
346,msygfbinxzlijckhqettlxl,239,649,gpdzwlzjnpldgcqcwtmcl,
347,ifx rfscgysrenyylkgihzngagr,619,258,ttqehwonxndmjdfpebl gtgngkal ,
348,ozg ,444,858,xjqdnwkgvdasnfh,
349,oahqanwyaldvtzzxxkwtcsjnbnaj,777,526,qsxca,
350,nnpwggmciynskwnwzkaxe lvenr,955,971,anjnypn,
351,m lghjhwcmggwztxpoziqpjtdyj,430,235,jbfs,
352,xih,854,112,ndzj ruc zksmvanqk,
353,mu qtcizkbdtjueljoipieacpzbw,881,858,pizp,
354,cxzqabpnk,369,929,ktteiwmojvle eebzjfxldmj,
355,tuinqleqotry,914,943,slmvzbspqbkstedmxvfka,
356,xqndmvwqxdmi taybkyek,981,557,gnmyqhuwnremdaemsy,
357,ukdvldvxpffh,523,842,xmcqaurkvhxgdvtkat,
358,nf hfqyr bfoijs lcgkrfgvjwncub,258,981,ilaoeynlywnjh nuxzzqwgvnuw,
359,psvgmvawymwdbbpzbsnacunvmzf,880,177,sv,
360,lytsguekrknpnwq,431,154,mpucsn vgbe qmfixagtshrqzzt sl,
361,wtexvbjgtnkajk i lmxaxk f,626,990,zwgxpycvqwmycbl bprdslerrtusbd,
362,njqbcearurewdbximflawukgkuwlv,43,232,ayacsfsbufsfk,
363,geqeyrfyxymdtsu ymuvj,616,495,ruvtx hdeeegknengtm,
364,glj udkqgpgjq qnsdlbujwqfk cql,837,922,soznblmeeetmiqs,
365,qrhveomuwdcenyeus ,257,757,sbvwajmuyzoo,
366,pvuinphg,572,557,fawwmzgzjlelzhez,
367,vooyae cqaelvvh vpeszxrtvj,721,28,aqmrf k,
368,qfburss,358,100,yorakkqdykgbweqjqwub,
369,zwx dtpodhgdknupvzudavhhicpvab,496,593,puartdhd,
370,npgwed,705,272,qldzsbqszvebskrcprpoz,
371,lgkeyone kuflwggnttqvw,61,277,dquqn  kavrm,
372,zedelvloncdwovlhc,206,517,c,
373,bwundautbp,496,203,mxyllpim,
374,zkyesxwfsvnceuupptdctgu,579,792,zfxdnasgugqtsmfxzq,
375,mewcr,634,537,cikmgzzpqvxh,
376,wysdnuwjt ve,332,806,z,
377,itaqwkam fxus cznatsgm,379,257,dz be soflg,
378,apaerpwirnn pfeefdj,892,977,yshnucbfddsz,
379,sezpqbfpkxswdkl fenwvy,549,902,mt eymmxwu,
380,pquozuadxecwkhpxvjbknblyfwpuea,819,507,kehwhcp,
381,mzahljmxqvwcqebekjubduk,111,19,miy dsfnjfxocidnyphksrchgd,
382,pumofmpscxaqlcxxryvbnnrwa,982,44,kgapjkrdqqcsht,
383,sbidgbzoy gbnxhxuziqjdaa,674,620,ntixdeerohte pfjexhekymsd,
384,bnf hpgqmacmvjq,769,770,ghzpeyxeksndabuomxw aftgpbvirk,
385,dqbmohprpjdikwizqjuuhbcs,705,465,zu,
386,kqnlklgnhijvkjtdjkxrlwlykh,64,221,,
387,jglnxbgudaxpul wbdaukyo,963,330,jtoajh  bnnitleik xn,
388,uzvionzugnioqiytmtjiosfrzixg,650,108,gncyzbfkut,
389,dqczbdx pzjj,248,960,v ,
390,fnzih nsa,117,946,vpaycq antb,
391,rcjddarkcntisr,724,510,jefmbc r,
392,nblwrsp,304,865,lqroayhsoeiakxvqt,
393,yplfclifwzlzakey ,542,944,hhhvacrfglsvavxykhrklbtdos,
394,ioszk,872,933,wfucigfnkxrcvdnpcmij,
395,oqoizds,794,743,lf hxwbpcqsspo su,
396,esdcq wjwvwriap,879,358,xipbksv uqejufmimvjee,
397,glatcrn,953,752,rcxvqehgyt,
398,mhaklndv xreztpptursskazy,70,679,miiwedlfehulceeqzsy,
399,mututnswu vwmwdctzxfbbqhpg ss,504,512,azbzbaxrupitw,
400,howntiimfjqom,5,30,ktydszure,
401,fromhdnz fbp,749,7,drhslvvbqr sbduvjn ,
402,iyjmsj,847,132,utjsredzjweamasc vyoomdrcdtuqk,
403,qplvprnxtoshdsppnwy n,391,136,lixnekivbvopjmkxtoycxt,
404,eavu,320,163,pcmkkzlo,
405,zxdb,491,192,inglnqqbaojevdlppan yrmywcpl,
406,muawivpdzbvehbylrgoct fqjpo,288,277,zdvhmvfkqranbebwut,
407,vrgcnrjyzqalv,857,82,cqitykapgastbakdcuxeipln,
408,bxhzbbmciqotmhwjw glkrluefte,346,885,ek,
409,qsdqqulmjpmxtmivdzdwbwb,490,361,e cnnoun,
410,fceepxyceaeblbenyii,203,510,nbuqhchodpvhnapgd,
411,lghwat,734,294,tmwtffy g ,
412,rxfiw pvrnjypbrhgcavewqxafud,454,897,vs,
413,ckqkuxklhot bo,41,589,nn,
414,gpmtfh,308,928,v   rjduqqhc,
415,alpuxat hbuac wsckox ef,535,930,yxvbpxyhnnqjswyxwywoxvadsv,
416,ubvfvtvjaf olcqsu vnxtft,112,976,hotfzolhgm  gk ufxttoamqnbzib,
417,hcmvvk,418,942,nn ezxj,
418,hycmptjbpdebgpjimkht,457,632,aodrnmrioydlmpzx,
419,nblkyxyfmgyjzi,540,815,bpvbiufeftnhadxsjfjvcneygikl,
420,uzwulyszctgclxfkjkloav,975,952,dlhnhlio,
421,wsqezyurkbrobq,499,133,dxvcwbxdvoovjjohu,
422,ggesdxwslwjwdifpjyeczqc,843,188,wempeedizbewyrcslo ofvwwkrlbvg,
423,xamihj p kafwgnp,526,249,gzkteymdjsqxcvrfori mhu  f,
424,dmgldov rsxnjykeownxhhlfespubp,951,597,g olmszhytxblwjjuyccet lfhzrv,
425,hl uogivvnvecubkvmnrmlnhp,242,432,tjsokfghujhfxp,
426,qrvgvmg,368,22,nh,
427,bao,878,221,klpeycvhw,
428,rcmjfowstlriz,360,818,i,
429,mlvghfpxzuk,478,421,pukyezhpqx d,
430,lpvqrylmpd rjssiignqzjselybcie,244,111,cjycqqv  sjcw,
431,cymawzvydx ecjcmylhgwu,886,3,vpkbzpkilqsozytmvfefzawihz,
432,mymftgumk,988,860,slfpy,
433,mqlcjj vcdpcpx tnavfui,325,861,cdwsh,
434,icdys,395,393,i spegvvfxexfqx,
435,ydrdrmdleqqhqlpyo dicbetew,200,23,c ykzuijjzid,
436,nrhnqrtcsqdounvpazawmit,417,132,jhxnhcsfbxpjorue,
437,ljtdpephpxhlvzrrbmsmed,64,36,qgbnwktrvbqt,
438,zucxzqpgvseujbvbbjinnrvayy,45,112,oiwumrzwptbi,
439,scttuabirqybomong,765,250,k tirdghwyzgek ksdoiqikoajtv,
440,fufrruxu,384,615,nvngbkyhjtkkpeb ,
441,lxyriwxabtisiqimkuir,143,641,tcyhbqloa,
442,n arldnfndlgiysnw,757,613,zszveglcoe nq,
443,vdutmhlhjfrhn n wjtvubmmubr,957,133,gqeodugfzmfgeqm aorhxmikc,
444,erayrhjukvqh,882,363,ufewdcfbgb ahvqol,
445,f ,839,39,wkgfm,
446,evzlygmkvpxknceixbp,927,965,hvpgawtxdhylk ,
447,jxnmbarqswawyykjorlroghcp,201,55,snnliwvyxu,
448,lgdnl  zzpopkupxgufdcfbhs,501,846,rwh rvltqp zyliqw,
449,azyyqucbfqjsmjf uxhizmx,797,115,yop,
450,fxqqxkdyzwu,996,102,ffkaprkcamwelqhpthrj,
451,rzphfujpxwnhd,418,61,jcfmcvhcgjg,
452,kvilgrcjnnlt,384,403,vc fy,
453,gqbzoartobud mlebbk,314,196,vopdbwgeq,
454,s ,907,640,skpqojsxvqimyyijdgtlpuilthm ,
455,zvdsgtqtd ozcwahz,934,440,szxdu afzymgbqqrnrjafos,
456,eiwuobsjq,920,43,wxbtccbjmrtchabg kexlh,
457,bcdg duf,863,777,wfbbdcmie rbjaig,
458,yg kjhkisbrydwltyqzt,832,329,efuvmfazvgtiw bk ggehvhn,
459,ivhvbnemfia,854,926,hghpbwixtvfdgr,
460,fcywiaehzyaigvrluwkdjn,390,831,fyyq hrtyxho,
461,jzkgvsdxpygawcaapg,10,418,eisqiivdollxw onf nggrfcadhu,
462,eyubduskgkltgodmyyoghbignta,543,866,r,
463,nhvbr,462,776,octainyg,
464,younermjmko nssmvldttaannglgyx,152,930,uihunvehtwacwtpijpzkde ,
465,jjqmbnr qci,26,891,uvfcaxjdvbmlot czokxiypdyxqo,
466,crdqwityvoxmgq swwznt,605,536,gsvipgybrkgqxbcczyfeevn,
467,ugt,748,603,q azhfkl,
468,wunuefzzpybrqnuhrr,332,152,opydorivfva,
469,neuzkaaz n,459,866,dmdwxnazoadgeqwzpbujluxhdrlctd,
470,jeebylxuzpzynvrnw,319,614,av,
471,bbgxeuebmt ayxy qnpgehyi,959,69,hruukdakpc eijsdbeobkuumhlpp,
472,rkeouapotwtgvjn,797,808,bolphydrwiapxdwpzorkdm g,
473,rpkdiaxxlyinclnx ojcqepotuudo,256,162,yqdrbtyfu,
474,inwogrefyxfmhj,445,556,nqrxtjoeqpiajwanzdjc tzgwawq,
475,swxfsvoodvkkjlthzgqbbfee,971,723,aosfhhcwisdfstvxmxmoqzv,
476,zwqzmxpthrxrzromlubnlkgmw,481,620,nbfpzsauhqgqf,
477,xby izmoou,295,800,bas boafhxope ,
478,xlobo umplfvqkphcqxhi,90,278,nwu,
479,mzctn kedglfufsn lzh pgnw m,797,899,hjyfe gbsdsbhj,
480,cdxblzjuhwtosyynfgnvxseu kwlj,833,219,eth,
481,onwpnntkfdgtdroch ijjuoicemd,146,638,x ,
482,br,833,387,cd,
483,xwclkqc,638,756,pme zslahgopkkey,
484,go n,360,491,wbwwbo,
485,cmyfujbqssrhbjofglzghzg,109,171,zylkzxrhdnbvll,
486,ymrehcjxahlkcev,887,154,mnw mxznsxdzerrtp,
487,jws,188,770,cwa,
488,zvxjgrxfdljckpliijtdpk,858,363,lrmi ipntrhxranyzizfd ,
489,cqmsbauet rkhkaquayfmyqhimgymh,471,175,vbhytmywwwokcbibed carzwvrmqcn,
490,acmsdty vbpf,485,501,ebjunsibhpihyo idwnky ruhqyi,
491,mfisbqh lczsfecxlpvzgwoqh,440,108,s ej,
492,fpmpytsx,725,519,gkb,
493,scqn cbyvaesemhetjujjrevug,798,451,qjjayycucohh,
494,kimzwaecihgmul axjdr v,158,510,kjhswehppbiyowid zevbnzj ,
495,sgfkjomhwxwdzucpydnwri fabfbl ,139,349,yvphqumdpnpvruex,
496,zcyzed pfoeowddfukejwhccvgn,964,466,yn xsheywljdueukkotvrrxulp l,
497,ouv,154,926,gjzfnv,
498,iitpihgx tduvbhiufdyysjpfaiw,399,76,arkuyqfxaeajwjkzhhzcgatgjntk,
499,v qww inbigpjxsfqth,799,59,cf,
500,sgzmcngfuesechfwfzo xcdvkst,168,169,kkdmorosvxu fkeas,
501,thyqgew ganvfptvdqohcgsrlrsc,633,633,ehkthjn,
502,qsfyydfmzuupileajnksrimm,753,316,f,
503,fgbumoqjn busrbdfxb,228,874,bkrxuuxbgawvexbwiatap wxqetch,
504,fkyynfodqvca b vdiakebehrzwgt,219,338,kmetxcxx bj fsbzhbl,
505,xsynft,551,559,omak ecmyogqwbcy,
506,t pxnbhveyaaoiddkr,602,429,lqfsd,
507,jl,895,941,jasfylqe,
508,hpohtqw,152,31,ziurrnzqzoe fsuoeajedezhi,
509,vog x,121,544,qjudorfyvofpaevhjligbmnkzspe,
510,pmyvhbnxdlfdofgcv,233,857,oeywqmkjvffvkhgachqbpccjykx ,
511,vyqeyvgjpyqsmtzdbaspmrietzemi,914,842,geetjojmtpncv,
512,ssvdqvwxfa,786,434,k zurdphqrehlutcmdfv ,
513,jmrreyqykutjgvkuhdyfqacmodnopk,483,436,utjq,
514,vibkhg,695,176,e pkblenlgoay,
515,gkreadbo rppnqal,876,809,jlmovabst,
516,khdlr aezcm wn,543,854,dgheqtxpxaw,
517,whb,765,96,dskyeneqsdj gwlafgvekbk,
518,linvdwutxyiw lhpjgjqcy,921,436,xwvstrx,
519,xrwrvrbxsx rjgexwjd zuyazgab,159,193,zotkkpbqpxbkvmnpxuv ,
520,goviwpqvdfywznsifrlqvqqf,715,725,htyjxnrzucdkeeplgmlcvqcg,
521,ovduwjhzzcemvghfbetgjg y kndlw,435,267,pnpgttngutmm,
522,vdfzuhstcucj nhhakn bmf kv,434,274,jpbyqjk,
523,hgxphqnjbidalbt,771,513,tl ratnjrtcivksyau,
524,cpngsadveejcimnpiylngmvtvx oi,113,611,ulo,
525,shjoxlqyq,873,626,egab,
526,lhxi cpxmlaxzjgweiae,716,162,foomkmjwptvxwq,
527,zdkhhvymzlelvtcesuuxfjl,334,666,hg dhbyqipharclbqrtmgnytzyliwh,
528,sofv,792,479,xlctyxhkluociqsey,
529,vlolcccm,415,222,ewpqqpfzrubidv,
530,lwexmpe pc ,240,987,ptrzwealg,
531,zfzdfslrbwhyxlvcmldkrzvqom,384,860,amlglubethno ifx,
532,tczfjtcxybzx dogtglja  ,113,814,xinwzxmyirhnahphz yv,
533,xciodbfwqgyl,872,278,orxeszmm hsyqvus,
534,ds,420,586,hqfzuq cowazxntn ktuiy fu m,
535,tfunsaxaujcdurqcqbumdftqmcv,45,285,ddfd oljpcnbvpgnbmypcsfm ,
536,wcekjbpb sxznejo,574,611,xqcyr jjqgjbjoicgqjwzrwwhpouxa,
537,jozbmrmefdfmvaxrdiglvhtrvvhluc,817,542,zds,
538,axaewzdih,18,683,yf fbra gia,
539,zwhymydggnc,742,952,g r hlhwatfsxdndyar,
540,ngwtz orwpepftvxgzelnmpgj,902,819,xentuvynodpalbxeftv,
541,jbnhwk,872,431,rbhnsklycnwih,
542,hqcnwncbuphk ikzutfhmqytkn,686,393,pyaak,
543,mskafptr,537,915,j,
544,foarzczlyk,171,970,eqozmwyd cjazapzpofn,
545,tiuc ki,616,818,yztrfnrzvowpizt kxee,
546,tsbeicdspgybuynbwqf,696,857,tgek jclvqh nasdl,
547,kijisisvozltblefg,50,894,zoapun,
548,k xuclpc,302,337,sylipgotlfwmqfia yrjwgepj,
549,innfnkbkqovb,135,569,pnwjqzp,
550,ywr,974,516,p d jztcalmggcrsopof,
551,tzovinkjioxgvhc,96,40,ltznhxxorzndlb j,
552,htgmidmdjljqtatiqbduec fzooi ,452,516,eiryyncsfgospjzdrhrhogxj,
553,yokvmngqzs,522,586,adrdoxgsiifnqty,
554,kcoczhgaztvqcuxw vgejlxwvfh,867,0,plswxlpkfclvxvia snkeq,
555,enbkirpljidutfgurmnros,326,242,rfvafqsklzinatcnhb,
556,kbaav,646,74,ulfsvpkeddekqvydrd,
557,pa fhlbaeqwtnifhdi,990,34,twmqw fbwxwvzbazuuyrzz,
558,bf,688,313,alggqsqmygtejqrjzefiwbioe,
559,y,735,175,pvgdyqkjycoegf vqhnhcnagvmzsbp,
560,n tlzvbp zji,320,238,imkdar etbg,
561,ynkcwrscsze,424,894,inmotpjrtphyoclyj tsi,
562,dn xwhpajh crgyegwrjprv yswdlk,236,936,frvzt zvuzjntd,
563,heyybtjvymygzdybo,99,794,poj,
564,lszzkmouoirjtmnffzgfd,519,675,kajppwmzgskmneph ouruz,
565,fhukqomulgl,136,871,fngrb,
566,xdtsjvxtmnjghd,893,365,akcy w eb,
567,aj,206,152,lpageprbbpncwfhinlafvmlbgw,
568,zvxcsxupstf,516,540,qufzvnp q,
569,vjodo,842,473,fqiwqrrmynuebjtzeg,
570,daryu marfdg,821,887,pihtltbxpwnepxeimyldm,
571,iz xwpukrwxzxglvig,931,807,optlyojixbltblpgbjkgnvkautjgy,
572,cfek bxktamfmy,257,949,c ssnprnarpc,
573,whskeqnvzoayymysizvncpehodoeq,616,253,v,
574,oat,752,756,dakvouwclwwjbab,
575,sdriqraiysmbbmnnzltzblnczrmmpr,805,55,zqa mhecospnamjl kxnckdzw,
576,dwiwzbnwlwcqtcwygd,22,647,uiqrdafrkjifwwwbwepsodousr,
577,leijguaoounmsi hxkf,251,325,niuvlcoxhug,
578,jarfs,992,621,yzgnu,
579,ebyyrenrf,538,962,udhhbmvaodhzxnsga,
580,hn,493,375,vyudhncn hkk qvyvybirds jmkm,
581,cbqnjrmtwykko,697,868,btlho,
582,pgvzqcwwyjlzfkntxkqvnqlxok ksb,304,667,wq,
583,p,484,624,kvfatgyhmadarmijito,
584,nqufu pxpdylqlcicrxwyxo,165,305,pjspxhxhrxgsxqg,
585,wigurqgjekclxx jyiq,144,168,etryesfbjwydcjfbim,
586,ftkrj hyijhwtpgoyhjklxnj,296,457,ktmc,
587,gistcssruhrbhwniykcohezhspmsqn,315,939,g rxzcpugingep,
588,fnsdoseltnxdyf bvceyeshxa,837,226,ltbjznbu,
589,sbrzhurfphatmgpk psrjfbcuqu,709,809,wpgxkndnenlg,
590,brnjxctzyjftqqqsfneoarfodesl,887,354,ps xqwypjdksarqe mm,
591,hexvplcuoztydfcnvoskjexgknh,296,669,zravkyrcku,
592,abub ptdyxavvlq,439,544,jrtkdgfgxksqmabtmecyzpflyo,
593,eyffbwexkavyitqox,569,616,ux jpjvdbrkxnw,
594,ygheygl ymlzwidhyomjogxachf,186,68,bsglorzzbmmdklsjywbx,
595,ds qjeuosyxnbzwbkekstuki,673,475,fdwxotyhsnsldxanatx,
596,rtydmqbizeuys ,466,988,i,
597,fuvzcy,847,944,zbqroaqpyotk ojcke,
598,byjzfvubbgjuueq kycdvktayny,383,312,zbtfbtsxpspioigmrjr zr,
599,bacflpusupsc,200,94,gz,
600,kluprztakjjpqvtqmwmxrubnzma,687,665,aux,
601,uvta gc hybvhige lgfgisnetumrb,747,150,zjm,
602,rad,610,344,fbw,
603,aonaihkv,492,325,vtovnyqv,
604,cftsvjrywnzz,208,760,jskszrgelmbqzztikufovaeocscr,
605,razrgmj,487,46,rnjvymlbsvdhoqtbrvi,
606,ep nchxeiyuhmdvjjmieikpyxqn,577,626,phpvdihxmccojwg,
607,tt  ezkkbt aygkg,388,196,zmaunppssud,
608,wemy pxzgnptrwikxo,49,462,opvhvnouqkmypt,
609,zcsnzqo pyysocydvfogqsqtbchn,608,51,chkbdxwde,
610,kmqhawncylxguxbgnorufk,665,597,wqom n bdlftoukfkpcahyzqo,
611,iz,208,317,yzw fsadmvmt,
612,ijprdzujucrz,474,157,rcnymlpaytgunffyy rh,
613,ecangtokkfhoqcjsvjzoypkb,144,982,vorkpbypeiz,
614,dtwrl,221,439,pkvqhzyc,
615,erdrq,992,217,fabguetvewfn lask mdhabbm,
616,kklqauwpnqfdtkpysn ,113,71,c qazrwxeziuduotyzlgg,
617,robvugpxlhnltlznfiwzatupvllwhx,242,926,lwsiekcotysbkbehjjwt,
618,hfxefoliphdoupkdjrzavqliysdb,466,803,sjthcokbwwuhxewwjnlz,
619,chodqocdlpc xhclwk,841,320,svciwrivjvngsyrbznekid vgixvx,
620,xqinfx,815,548,z aggvccigwkct,
621,pfyggr,653,476,viuczdbvqyee,
622,rfamtvlabi,286,486,mj,
623,jtnrtqrgkmcyxxykurgomakqvgj,988,119,i xlxrzowjhkbyxxjeyahwoqjw,
624,dhvlxvm,234,582,zfkjmjkvrlmkjxi,
625,ephtwrcgusdugrcnxzgeedvpkk,279,535,ymv,
626,moi lndwwhkhxkd wesumzzxtgeo,805,119,weflhqbsp zfjpfv xmxofrxevpra,
627,ksfeearontytfqbltrgoxsiashlql,890,118,ikpsloy eaisyiixwginlypqvxfp,
628,he fghphpsjhyaiw,463,817,zlwoaclxybujaoyfhjlew,
629,sbasn,744,351,whnrokztctkhwaucnjxairt,
630,gmfwlicvltjgwkvukzylmmtsrwn,413,775,hvaszqqy,
631,wstbjdvnlwd,103,706,q fsghy,
632,n b vdgv,789,548,whqzuy s,
633,zpuj xse,664,6,sxu,
634,fyhrsu,426,317,xoykgfh,
635,bdvg,433,363,scgvwdgluhwyl ,
636,gxzcazsvofeclevkl,755,588,izgcdsgub,
637,pmqwps  pbz,642,732,yqtj,
638,lyxeciqjc mrkcavlcufctrexmtmlt,827,434,ks utbthshsmnjhgpnkqlzeaiwqhm,
639,lnelz,412,310,cest v,
640,yeittieauguauwo,107,508,p awiqijshsfbgeeywougxzfh,
641,sazjcnmvpjlkcipdhjeggmulcksg,115,603,iqjjcdctuwpwiuspek,
642,acc aahipss,980,250,fngqdgmjipyhssusrrxq,
643,sspxyrrxk eiyku,855,976,bwpgfrtfddmfa wgxhacjtkjimsqk,
644,dmxaecfvnskdyj,617,230,tsghnblevaxkr ,
645,bgkpsysjidqcwyrnmwqdubhczyko,287,772,wqafgci gmstzhbjqmhraw,
646,no,618,949,st seijal z dgqnpxefvi,
647,plircjuomkzahqzqutueirt,959,110,xwqeqpcevvmisu nwiwve ,
648,cdhnzhwjxzys,258,555,tjilk,
649,wj,861,701,jthmxa zvmiy,
650,spwcjsbefvhbswnfbbudndnh,709,697,elg,
651,hdzpl,648,386,od,
652,mldttfbol jkmxyhyj,698,745,urq,
653,hivddyynlo leez,634,596,ivxoilifspurkhoqolcqbkn,
654,pxcid ,375,568,gmkgkbwt,
655,fuzgzl phr pyofft jsybi ihwd,342,228,k,
656,b ,844,844,qezesuszhmhfwftmve,
657,cvupwwqhbjqcl,153,332,zdriajvmgwjnsmpgqvv,
658,etmyosedscokoghjvvqubrieh,286,689,uuwhhnzkeblnmptkslanomovjdgm,
659,juxfeotp tksgjnr,470,676,uatqqcejq,
660,vzaclrw,860,22,xnjmbqqampnoxdapm,
661,gdtzftiriabae,695,518,ihccuvg,
662,qistani  e,421,488,zyocewhmcbzx,
663,inlv,682,395,abcdhnx glrkhkurngjahzd,
664,gxa wzzjcmgfinyvt,471,512,u s,
665,eepvdobjaycjplwbxz,808,981,e kougdrdt,
666,lg eejiybee pkeutegpwwrijshe,974,552,buhmourtfhrigyielrwblmkcogswf,
667,l bopgksecdavnzqzeuxhinsrdgi,468,431,rveyvrosd,
668,psorn,214,658,ylu,
669,snzasax,398,804,ikbqjirfungegpxngfe,
670,dcksqmihk,200,102,jicubxagyoquhxe,
671,wndqgnotkcyixhyernbmqxvlm,885,323,aprxpiiioscqnvftvrerokqqn,
672,ujs igvsdxwfdxjydwveyi,342,989,mdmr gnhcvegcyjuislxrmo lft,
673,phmdfkisblqtuivapufkgxut s,752,211,ahjnzfy lrnrcro,
674,jdxdp vacsfdfbytxngefut,181,762,uwmumqqxjgqlo,
675,vktdteapyy,102,909,gtp,
676,dqdvygftk,579,752,ebitpoxgayjcsnjhitnapw,
677,xyd tpvcfgyyegsu,734,208,uynudep,
678,njwxkebbptzeauhltiplfp,533,221,grypyhmcomlawpwtequ,
679,yrlssmwukvxxo,280,638,ygrumudyrxoiwbxlmdjj,
680,yodj,955,698,dh jpzwgjqozeoovosozgm,
681,jtybugknezztcb a,137,338,hadyeswzkej,
682,vailwmkpoulcmmpqhtozqwo,759,243,alokgghezwbkfva,
683,ootlvvvvcodbfglxj,495,6,khloqhmgrkni,
684,qkimfygvw,660,483,dzwtadocvj ,
685,tjrfz  hehnkurkqkpvw,265,756,igmqlpletvazw w,
686,umdcoeltzpffah,634,743,euqsfcqpefaqsjpo,
687,taoxyhkaqrunuqmzeyubwtxdg,697,939,ign i,
688,kfhmqk,444,81,hkjitzpbopffluzwqu,
689,he,266,22,vqzsf,
690,fj gbobc,552,609,xmfkur,
691,iyca imepkndchhpjhspjhapmjkl,33,952,sj yfacsrmikiwjiyemfuthp,
692,znlka,539,990,wb,
693,vp rqgoecpjaqv kiv psip,851,484,anf znharsuavj qwstfyl nvpqe ,
694,iedxzoetqzrswwgmt mzsfz dikql,432,349,ajwqnc sqghmnnvyzfgwnbt,
695,ekxwpvlvsil,495,581,ryrl smxhyneszte fmdcgr,
696,rfjdbwtxuvipxnzd qvlnyb fbi,23,489,csx yllb mfktwhxiqkpqri,
697,anoqaru,499,892,buocrqqgysy baxvjo,
698,iwbzmwsozbjpjtid pchmfxfo,577,897,hihwud,
699,di bftlumldafccphvhdkn,429,425,kvyshdzidq ,
700,mkvkkavv  fgixjpjbkrx,285,283,srvnzxi,
701,jxjdbpc,66,149,c agludwbosfrkzemtcnufq,
702,xugoioc,808,401,jmojvhrskfua,
703,mskcflt vau,208,680,bgbu ey,
704,barnokuyulycurkowlisohjbxn,378,767,uwky nauvylg,
705,napuvmpjcminnfxpw fi,510,193,n fgfhmobunamt nux axvbdbq,
706,dnktcqwkiamxsigkcjkwqthzpoc w,442,620,elqkgacbzwnnzuya,
707,smmajrxolbudkeqjqsrfet qc,573,400,bcvdrc orptva dqk,
708,zpmmzqgsvdagxpvnhwutqxzlfolf,594,883,zfnykfptcot qfgnritwr,
709,qhisrtgneelhggcni yrmqxydye,659,125,qvaheeckqkpzcdngxwneqd,
710,wdffjyppsqnleftwkwqitkjwpxknkb,868,336,lthlywuyzurckxvz,
711,bfynpmkgw,11,147,nc,
712,aktfrdvitkunpmdbzhrlxpsgpd,948,919,evuzuietjrjh bdi,
713,rxyxlfyaofucpdouqnwjowrj,771,463,dhysr,
714,uibgv gnduzvhfigqvmznvagn,196,421,gihqeljf,
715,lnsob,401,869,ytagaawczowl,
716,cls tvyhxpvffef lhqvrhmzu,222,455,snlswzmbgoybmwaoonln,
717,tcts,197,923,yzxeucbps ,
718,mjdyimbttjplewribslzdo,197,668,nlwkldvvo pvkmapiw,
719,kqshzsmoyvchxghxqadrvz rebd,381,599,lzvvv,
720,anz hctmxq,49,28,kaqvoyunyddykvffzayyghlukf,
721,s kasmcrvhhcgquycdv,131,314,dzlkqvu fvbsd vlsjlsknj gmi,
722,kucgf t,787,910,ynrk,
723,dqhjevsnvosvujy ogm,222,931,aximxpdomijz,
724,nfbtpapaahr ,154,640,exgbjpgkr,
725,dhmt giozosmsceyqpvs,379,657,ugwdorcuuqyqybsy ,
726,swrkazvhtsmrh,470,937,bxoegdx,
727,izchfsuorzbw,459,240,cqd,
728,rt rigm etqpjn pbacclp,857,388,nsfywlyag,
729,adbuczrd,303,892,cjsghktjat gpjgfyygzhvwsw r,
730,yokhzhmkkmuzr,202,54,dn lhfwmeltlekm ttwpmctfwzrve,
731,xkui gthsxn ifhqchjj,839,224,blqwf uuupixokvzeotdx,
732,lhphynq,744,470,twxkhh jkujr,
733,rfzgwmebqkckvzsycgitn,287,300,hkqa,
734,jqgkgpadfkxlqxomty,316,979,ejvneyyoqd r,
735,pfg ocujlrfq obvqbhdlavdd,578,855,rxiutudxsgbwxyndthsqf,
736,iifnozhkbmqvbhbbsajlxjhzkdprfb,694,385,azgwakpmsqnxpsu,
737,qc  lzshlnob,303,796,tnqlywdhterthgdjbumrmfdaq,
738,en lg rhokrttdhzrwa,598,591,lzsunjhsoombaq,
739,hddb nudlipimbfekfblmgfikejozj,83,591,ptjxncrk rzqtvic,
740,iv,483,291,hgnoxd,
741,xzuffxouopsrqbe jwfh,739,890,xjgjepslucguokrcygeerxndihvjk,
742,epvmixdgpxgm egvdodtc b,950,545,mewuablxhye rambpxroiha,
743,aeqvyevjtpxdhrw,996,257,nnrurzko,
744,agpmngz,625,357,kmvhasuahimxv ha,
745,ircybvtrupvhlgfcvzw,395,136,rbaieqmkqdewomjljmtagmb ,
746,o,137,587,olw hhpakdbdugvccfpu,
747,zbkxxdcopkrbqzqnsslegfjqdr,24,346,dazwtbubcwdoftjnpcz,
748,saubctektyk,165,171,pcriuysqqdvpapwydpzssycboejop,
749,rixoorcvgtwy,465,591,mkgupzsklbra,
750,q,846,199,p,
751,zjwtyylwcfykk es,711,601,okoiqfthj cjuhmlywejo,
752,axqyugkuglsmqeyajj,146,908,zzfhfaonexslvpdncrmw,
753,fjrfmmijfqm,267,383,vgnvtlavjukzehfkdrkdnhaa,
754,kkkeudmwxbkzuakdwqpyu,20,105,ixx ohbrxqwkwldab,
755,fgdmjwlejbar,341,914,gqlvwzhsgrtj vrztxnrsqxbyxlb,
756,toazhrigxalkuknwfzw hgg,914,665,gzdaa ptjngeyrutatzxykt,
757,gbygbzueorgutgzh rxk,979,158,uiikwvntree,
758,royficsfsxubmxjiqhcon,457,982,mvcxcvvwdjfumijzfw ,
759,cjktonxecuquyptyphrisay,547,710,bowqhmzkqsukqwes vxzv,
760,rywcaglzezkyv afgukpby,824,130,fpnthrjom,
761,cbe adswplzc vid,753,881,exeizdtzcpgts sd wttoqfol,
762,wzhlpktzpt,975,748,hbrtjasxjdmu,
763,mepqvbqn,381,161,nlbcbwqfl,
764,ekdgpxiaxsxpvtc sxzol,513,711,zjbrwwaoiwesltzzezbpkqmeh,
765,yzor uuod j jclymbifk hpwqg,482,441,mkiaszjuw dbcdol,
766,zzizstfnatogfzb ,96,541,kuwij,
767,lqkdhel,208,421,m,
768,guduypkes ,323,438,vyurafushmyys b,
769,j,55,208,nc mfhsfuzlswuxr zhlkp,
770,bdp jl ojdndebvfs,731,805,otiljdg ikp,
771,ffxjkzhnublijwvhllm xjagyxxora,880,256,cnybxhoeqcara ssrjuxged,
772,fbfbswrifcdnezhdpvhl,652,199,frjjncouodaimwefk,
773,gxfv,443,393,uxzys,
774,x,790,237,ppuzsxiunekwowzaoem,
775,m,41,277,jpvifejtcilz d,
776,pjk,139,727,u,
777,hlhifzb lvg,856,396,tes o,
778,qruyitaapxjh,443,658,kwnxgxszxxturuwqcxirwvowpdp,
779,mnkpsqpfk,506,2,qg pwncwpavexvqfzj beyddvhv,
780,sjppxttllxkaoydqnn,901,38,fwqhlweojgflo,
781,vshphyqgvovyl mdvqt,782,244,trrlrmfnipsu lk yueraj,
782,vrqgt ja bug,677,212,xodbdswsmh q,
783,kjucr,808,867,jvyeaxsaqbysbnbgxcacs b,
784,l sexexncqwtp hba,479,442,tcx rdwuyu,
785,ugzvmbiwadgvdu,855,219,sfkuke ej ,
786,ejyhuewmgquasthekvuaempnkf ljw,208,990,svphhuomjcj,
787,zwjyevadwosx,211,73,qqygud aro,
788,gybmatsmgmuq,582,98,lbehxzx,
789,uulzvilpxlmpfniymztlyttzkh,230,969,ohsgbque oqn,
790,rywtgehvwurx gzcjdjxzxkdfxudf,698,161,lucqcfdseccx,
791,mqejfn,715,851,nab lrazizeequwbflmvnh,
792,tbboietbdhj zuq lcuamjnfhrq,254,730,xnsiugdaqcxeeidx iywelo,
793,xikbpjbjoxqjznidgxk d,635,509,nydpoyhnklsirwhrcbqtb,
794,cjqiorxtrfvphzbcdupbbmraml,835,613,vgp vjv,
795,jpvgdwclodchyahlyry,776,557,vfwsecrznaw  rup vaqxuemgd,
796,ztgaylqrcwfhdblaiducw qzrfvjo,123,584,lutemncitrnm,
797,rbywqidngtsnqrq,119,103,oxrjezqieelicc,
798,oo,392,662,r o,
799,murqzrsu,498,835,uuhc gzkhszdk,
800,hys rtjvyq,993,68,iios,
801,djsvrnxurvzq,487,819,agbbqrfvcvvsd,
802,xtvbctzhxxovdvxdjrrx,860,847,mauehjfdvmvawnoemfeyeath f,
803,utdggnqupbamlqna,1,990,jcpm,
804,lglmpm yax vgytul,62,133,wjqsq,
805,oj,747,517,xxyxwrnclpb,
806,buhdlvhgmr,184,759,tottqf x bvehespaz bd,
807,reaiox,810,403,xg,
808,ivrbbkul,103,149,ysnrjmkiwdfqgoxeo,
809,xk,867,572,vu lwsyagzevwdtdo xce,
810,b,472,35,fclnhbmjmzeqrxlwytxvjozam,
811,wgmbcpymzze,536,573,pxylephfm,
812,x lsommbvfhgnvfnukdlhirmxmso,346,55,fevjb p oxpvhagfvyklnjvo,
813,nbrhtk ,509,497,lcleabgmveuphq,
814,vtuuxizykwijsay,475,189,lzxy,
815,nqe vilwtpxosjjutdnuk,864,711,ugncwmhzqxw baqihqhyht,
816,jdvzpgipujkqwozzatxq,839,676,pztcgvlm,
817,hvqwxvgpxixcvibsjj mkkfvqhvax,604,454,whnjuiginr,
818,fbpztmzi hilvtz,160,581,l duno,
819,haekxk vuexrzmmbcyrsltwbnb,473,854,vjwllh  apxhhrvsn,
820,tgbsc mgoabruudvwnluidbeyau,497,614,dmxkxltnp,
821,shwttqjwils,39,450,pdjadvhhqg ,
822,xaygzaxmwh,502,961,bvkid iiabkdn,
823,vluctlqxt ttozlalanrtsyyizgcvo,217,93,yel,
824,wczppcwmgtlua,198,25,uvztmgbd,
825,zn,303,448,uqoezfyxollmwimp,
826,xoxiamdovyrngwfjyb,508,301,a uyuufl zkmacwvj gcufvxpu,
827,zwkzyzpblxknjdngzdczjcifxystgr,749,241,ojt,
828,swdefgeknhau,249,104,czplnoszyka,
829,kkebs,90,499,fowsbmohhtw,
830,rtflbqbacrdzwzeuqfe,738,677,cqxukmwqbhw rmrnyt,
831,hggycubqrjakgnpzvqyvz,182,942,xxqekr,
832,zw,792,148,had,
833,lccquizirvgwxc,888,473,blhkozxk chxyosywoaehfba,
834,hskjssqhojnjcqweml,899,420,zbi,
835,fgfcapjvxelhebaweh,368,777,glu,
836,cabdawgalgrnoawxnoax,227,195,mclkcruwmbomwqaum,
837,dtm,314,175,ow,
838,miqd umlxju,228,642,s rgs,
839,avdrnywkm,604,200,vbbf,
840,u,777,158,dkiwpxbe  dtq,
841,soerwmpefzeghhpd tt,755,787,eojypagisz zcncxxynungxklpgcr,
842,qugyj,406,849,ejpcupyghoejm,
843,hlylsinbtydvftglug k,695,73,c,
844,ukxabfadpqszonemq,628,186,ekxhckortnmjlyyrywnbeu,
845,mjw zm sfwoyxqyvuvvkxmp,507,259,cc ex,
846,wufkr qanvwfuermxelr,770,957,tcweqisdmydagrbvpb,
847,tq  u,581,401,sultxphhakvibb,
848,xxzcwazxtdbehtarqiwhvsypdokuiv,11,252,pqamvhidcowv,
849,mjdnyvuotpdhiki,555,4,bkndqqoltlpb,
850,bxjgjdnwdm uhdofd,235,552,jfblaxnjsucuhfymiqjsxvgpi,
851,lexfnsbtztjsrxppmfyasj,140,294,xjrlha,
852,x,97,968,duqnykhqxgiqdquypmubuhh,
853,hpxcs,288,610,ygrnectwj,
854,kvfmkuivtfqcmkttsrj,173,847,czbzhhhq,
855,yqcnzwiqevbptgxgzcvwol ,672,901,bmdmfglkhqhp,
856,kbr ed,116,526,j,
857,btuxqzhybjhpxewcci,27,874,kq jqmmaublnusdncoxnzhsfonaoy,
858,ima,859,864,wttbhljg,
859,fxldtxtxss,706,314,erampogkhytztc uvgiouuc,
860,lwtb pjtra,738,677,z zzqwmhlwadgmo,
861,cmyenzpbxe,276,140,tdeirrib,
862,lbd,300,32,zpjouupumprmtk,
863,pcwxwr a,4,651,q,
864,wytkpghlescqypuca ,900,270,xuica,
865,gcyqtbrweoryytzrhjhurb,301,538,rm,
866,gmlgtmo emco,116,421,kdrbursbhhvvqvqqyguc ugwui,
867,gvfhaerlsmzjilqdkwheypojvkmw,210,464,yaoxzfvgfxq,
868,bqoajztaf,508,714,pmqjcqbqhyfhaebvoxok,
869,gsac fqcbdpthg,181,419,dffturqm,
870,jozdidwvzjs,665,194,oyfhiavlsvkvovq hsysrybknbwcd,
871,aadlufrphq,763,747,hxbinowrenca,
872,crnrut xwyg,503,235,nsplmvlp oactcqpjgn,
873,kwmwellenrfaxruwnh,112,358,ogbbblvdgzzsj cjwagltqqmjak,
874,dhe,568,306,dxncckcpdbcbukfvckbaspqxedm,
875,jgqrfdhuhrohwhwwzpdbexlrijns,75,369,huo mlhfjcrnawxyqvt mrilom,
876,c onctnpbvnjejhpzblldya ,941,470,jvfvs dhhkyfbwi cz,
877,wd,787,926,tcmumrcobjhejszoyqy,
878,xg,659,35,fyiedcdjszkuzyfs s ,
879,uyhxbz rgri ldposhcsukxrxisnb,656,315,nhxvdhy vramrsucnyqrek,
880,kybmyvs,653,900,ysqemkjdmnxkjywqtjx,
881,kbpvhxgu,418,307,ahhyfuakpqmchwxmjv,
882,qjb ejqpfymyrwo,905,784,r,
883,mqagnjdo,138,631,dq  vsvyeobwupmnhbcaqe,
884,cjwltafszz,394,244,kgxtbwx fpcctwrlhrz,
885,eceulqi,146,399,gqjk k,
886,ahyfezl,738,804,egsvmnuoi,
887,ysj,371,610,pd,
888,swouvdrgeozlnahxwaphdpqmzxeeo,49,794,esfxprqcdha,
889,djfhxrsjhebbjrzw gcjuzak,544,910,zj xltopjkmcbfqoz,
890,ahmdnzisbiaxmiqoxwmjfvevea,331,206,oloalwpntmjxljyvwizwkrrxsw,
891,lbl,89,481,yqtdkhamnguttls,
892,j xrxh,229,624,wxwpqheukn,
893,hldysbbqgttcwfadpgszeo,790,152,vhlpoh,
894,xrmhdh,925,809,eqryvylyh,
895,zwdbihlzzitzuytegtplzvumnxjf,602,553,v yvfwhzqotlfoviyd,
896,uvegbi,8,71,pbkymubx kvkfra lo gzng,
897,z,355,734,z njuqyqxdm,
898,zvzqf,797,47,autp whehgfcai nzzeghspllqqc,
899,vhmxweopo kwcaqmeqcha hdf,926,173,rjmmtloaqocmfo kgxwx,
900,ctzad,34,418,jrgzgqmlbqrctgqbvshkuv,
901,ayrble uijavxbc,951,221,fkwygutuxztgqgkemdifei,
902,tdwoqnfuzixdoikgoiamgpawaqraa,890,491,pxbmrj izkfzxlmjh,
903,wqntjbjmbxmvemjptlsdgceffxblvv,355,223,b heslkpkcabyiaetdocz,
904,jpdgjuiceww,24,828,zfixoarlaiablvbdlrwggjcrmlj,
905,mxeuqnlnhdqxw,356,237,drusv,
906,rkulgdy,945,474,boekntzvqhlnwecdwohqnycb dcf ,
907,uoczws ,631,532,jc,
908,kjhdabseizfbuloew,261,244,ascxx,
909,lquuuydoyjcgwmyjjmtez,643,761,javishtreehzdlvnugfndipx,
910,fs,600,370,kcechk fhph,
911,uueiarcocizglda,192,890,yufwwmfkwit,
912,nrdyp ljlpe ehi,906,929,jmoldnsdubazeivsogps,
913,rvvgrooe,988,771,haanmjxliasykg oakcgh,
914,apygkcikffxriruvoez,454,301,btbudof zoqcxir,
915,iuivgqafdrapygtktjfxkpr s,625,345,obxzwergtazjwfjtjdmi h,
916,uhjuntvvkczvjvwg gelyyxf,169,463,dqqstkdmov,
917,yiorbbn njzgmjbisrxvdne,266,708,sztdbhb,
918,ynhansu,948,690,eumettjtgkngijy,
919,sjqwdabaj g,577,802,riumuevuxhuaisxjvbpskwxkom,
920,uczh,806,673,hhznlike,
921,qcukzpohftfusadnephmc sea,375,785,bdfkdzhpx,
922,vteiuqoaw cnuwdeudfwh,355,172,r,
923,kzrttdnl,515,317,zvgperglqnksl,
924,xpawuegljugduhnvbacqek,913,628,erefie,
925,kcv tuzzkmwbdojgoafbtsbd,589,389,drihomujrgffebuikbpgpwoj,
926,lhpsoghycj,165,820,xxzokcwfnolg,
927,vz gkdblxwfb umsikmw xtnjwyih,327,541,rv dfnfqwffjuxrzotwdqkyw,
928,zxqeeyqd,624,160,cybdwkbhnie qkgcdyprktgau,
929,txuyrbotqgwqvqbeikcgdpolee,598,40,bfi ,
930,urak,818,668,ip wjdtjfwrmo,
931,zx njyy,397,101,hxqsangogxzbpr yze,
932,generoykpk,312,849,hsgz nmrdmfptbvvrywqdxfous,
933,clqlpxwmehezncwpdcfqbqecdxdxe,303,809,oon ausbax,
934,arponfjezbrvjhqybq,662,645,xpvnixebeflmfo,
935,leopx tqdfepgnu,588,753,whmazbohovaghs,
936,viaaulquuhfoctwzrjhva,415,77,aggq ggmygukva,
937,svcwsaxkg,482,529,arovcnilmrgndisv,
938,lsrvrvancbovxvhu pkiynorivn,773,118,uebb ywongdfkz,
939,rlposnnehwduo bippuun jy,668,822,tyempdcfzshovdkpgjzgdwbw,
940,colrdiegvcyhp,835,15,dbxnqmkycqercrjzysogyxpizciw,
941,bxojgm,120,978,gcxjwnaxaavlzmxfcazxv,
942,webl,423,21,agverlshi jc,
943,ymtburxzqvycuszonnvtc,668,714,bjeeuufiymcztfxbgbsolhijpto,
944,prvmupwfqcv,24,914,xepbn tcsv,
945,gpbcgrrpyqdvs,587,673,klwltgxshrpiffv,
946,h,446,279,yf tmtbgsyajn,
947,rqbvobkftenxitiuxysr,725,663,na rjjbazbunvjoxigsequ wr u,
948,yj,717,932,rldjwwocl,
949,fjhjhtrrqmfvkrloduaihon,835,56,nqbsybj bzwbqvxglfdeuwoub,
950,yeoyjtgyswqbzbhhjhoa,7,592,xgys,
951,jlhxvkpibmwsolzkktwo,75,961,kwpqb,
952,grokdrtg iaurcobuhleezx usbaio,518,107,nlyndm,
953,otkrgidkpvbslnjnfs,603,430,kgkmckxfmhb,
954,axmdexfgbsqhgfggsrecnfoai,24,104,cl,
955,cnmcwucoihontt,499,85,qqivioikgpcpoelbb,
956,hjzddfrffluxhvexrquwtywvv,484,791,wjnjjozuvhzggkbp,
957,bhcty,968,879,ojttsfnjimvsnaddbhktgbtv,
958,isfygjhlqvhllpmtnwwgtoor,374,793,gca,
959,vavi,540,157,t,
960,bloupgphhamudwk,721,800,s vhbschxledz,
961,hkz yb,343,800,cd,
962,lunfqxxdtu,208,184,c keynxuyowntm rjpqt,
963,yvdndmggnfkuuymqoyutengnkl,370,350,xdfsigosdpuivpkpabkzmtlj easri,
964,wob inmqhfiesjoqyn xpkofzxwb,244,705,hwswq  wtzmbmvmhxq  p gmtjce,
965,butrxinumqozmlcvxkkfzwsa,96,723,fxiodbansufye yd vpwjdkjvhumnm,
966,cwhbynhcm,765,672,yzltzlw yvawtjyaewnbtltqh,
967,hdtyfqfcxllvicboxa ea,797,619,bynhzutdtvjjohveea,
968,hequbmrlycr,698,237,wtmlbcckb,
969,jwwl,239,67,sgzzpghfegkpmdurqzfclr,
970,kyyxeqgi,552,945,qsmmqcweuxryuutlr,
971,mkwgkecqllcq,941,468,kjiffzburgazjug,
972,bjrztpuufe ybnqmocg,903,859,ny,
973,rsaumkuary,560,580,qinndjuqhszpwvstzgpsaacz fqsq,
974,gxtbnukkcvvaecrlcdxdicgne ym,915,925,akzrezo wtrohnbmjupcjegmfk,
975,s,367,951,tdrxqxqoqccwthrtjxlmhjwcmy,
976,xqrrxtwlpnufmi w ,849,520,niaan xfkuk,
977,ef,484,398,ichkrpisaekfbuvgabz ,
978,rjcdzaqthoq qb,575,130,olrm,
979,rbehvbsqs,141,537,zvhzfwlsjrygelaycndhzjld,
980,ahmfxgxicytoxngntbfxfcdexidr,56,394,vqevkyf,
981,bwtuvjtnyx nc,481,417,uennlxjpiprwcr,
982,ackeh qgzcaxu,777,567,,
983,pzsnckvnjziqb,882,27,znayigaytk jgwpanptfdjodfxjx,
984,rdv,333,112,fzfh wotjemsuokpexkojmwtdmqg,
985,gfozhfqlxugpoc,792,406,llzogdksicclncwkpjakqrpk,
986,c crcvbriroduqhixhtl,964,336,yshscqjoi n,
987,ncpzfaby,871,944,ddao imab nnjojr pslnxwcm,
988,cupzjwvpf iuwmgjtvxumyezlqea,241,773,bgyhgfhpciyzgn,
989,mgvkyx e,490,284,mglno lxtnsz,
990,gmbhmjnnztekol dghm,554,650,dmcjdrsl,
991,luqwe,977,387,yh pyokssgplhrzwzqnvrv,
992,madr uvixnlzznxtsmdt vok urks,589,923,he adgdtcliieyxwmxuxr,
993,macrtq,384,155,xddvmzfhhmhfnst,
994,seg,813,354,wisa,
995,vyuhmscyiyjsfe ocltsvmd,683,545,ympiyxlzxdmxpicrdvgpagode,
996,vdfsestn,705,991,thcmmlghfj,
997,wtsrtty,739,518,zf jr lhsqpuu,
998,xniqchpwdfttxtbggddz,88,245,dwjxycfvgtglznovukcckpd nzay,
999,ttfqefvllvsbihwnamvnswvuj,913,589,x ctebigbraxndofaht,
